1010,alex,alex,alex,3
1011,chris,chris,chris,1
1013,Bob,smithbob,123,3
1014,Sue,jonessue,123,2
1015,Habib,smithhabib,123,2
1016,Yoshi,jonesyoshi,123,3
1017,Francois,smithfrancois,123,2
1018,Becky,jonesbecky,123,1
1019,Felix,smithfelix,123,2